# Home Automation Hub - OTA partition layout for ESP32-S3 (8 MB layout; fits the N16R8 16 MB flash).
# OTA from day one: without correct partitions there is no remote update later.
# Layout: factory + ota_0 + ota_1 app slots, NVS for credentials, LittleFS data.
# Total: 0x800000 (8 MB). board_build.partitions points here from platformio.ini.
# Name,     Type, SubType,  Offset,   Size,     Flags
nvs,        data, nvs,      0x9000,   0x5000,
otadata,    data, ota,      0xe000,   0x2000,
factory,    app,  factory,  0x10000,  0x1E0000,
ota_0,      app,  ota_0,    0x1F0000, 0x1E0000,
ota_1,      app,  ota_1,    0x3D0000, 0x1E0000,
littlefs,   data, littlefs, 0x5B0000, 0x250000,
